,rmse,mean,median,std,min,max,sse
odom,0.04591496971350223,0.037946594470779596,0.04243373458156029,0.025850346455357744,0.001127489895255957,0.0902379885657188,2.1039680749042433
