,rmse,mean,median,std,min,max,sse
odom,0.04377343123924267,0.043772709069327315,0.0437455609827412,0.0002514422174904438,0.04315427643299825,0.04438869658578827,1.8854554699373987
