,rmse,mean,median,std,min,max,sse
odom,0.08518646285978966,0.08442092020037377,0.08497796109614517,0.011394809655472446,0.05525087728930997,0.10458542033210812,8.098514535291553
